{
  "0": {
    "baseline": 0.24199746549129486,
    "sub1": 0.331354558467865,
    "sub2": 0.40891698002815247
  },
  "1": {
    "baseline": -0.11067356169223785,
    "sub1": 0.3355507552623749,
    "sub2": 0.3452998697757721
  },
  "2": {
    "baseline": 0.23461708426475525,
    "sub1": 0.26818403601646423,
    "sub2": 0.24262762069702148
  },
  "3": {
    "baseline": 0.09941144287586212,
    "sub1": 0.29015985131263733,
    "sub2": 0.3348309397697449
  },
  "4": {
    "baseline": -0.06705714762210846,
    "sub1": 0.4514438509941101,
    "sub2": 0.34256529808044434
  },
  "5": {
    "baseline": 0.07352299988269806,
    "sub1": 0.2901066541671753,
    "sub2": 0.37735700607299805
  },
  "6": {
    "baseline": -0.24065157771110535,
    "sub1": -0.06102956831455231,
    "sub2": -0.0399596206843853
  },
  "7": {
    "baseline": 0.19065625965595245,
    "sub1": 0.22678717970848083,
    "sub2": 0.2509004771709442
  },
  "8": {
    "baseline": 0.058818429708480835,
    "sub1": 0.3844589591026306,
    "sub2": 0.42940834164619446
  },
  "9": {
    "baseline": 0.26703670620918274,
    "sub1": 0.35649463534355164,
    "sub2": 0.4503818452358246
  },
  "10": {
    "baseline": -0.07051657140254974,
    "sub1": 0.33696913719177246,
    "sub2": 0.2812827229499817
  },
  "11": {
    "baseline": 0.14274945855140686,
    "sub1": 0.20021004974842072,
    "sub2": 0.2672358751296997
  },
  "12": {
    "baseline": 0.05019800364971161,
    "sub1": 0.2463322877883911,
    "sub2": 0.3700553774833679
  },
  "13": {
    "baseline": 0.05901428684592247,
    "sub1": 0.20128831267356873,
    "sub2": 0.3399103283882141
  },
  "14": {
    "baseline": 0.08829984068870544,
    "sub1": 0.4411115050315857,
    "sub2": 0.43779563903808594
  },
  "15": {
    "baseline": 0.08927376568317413,
    "sub1": 0.3384578824043274,
    "sub2": 0.39148861169815063
  },
  "16": {
    "baseline": 0.28151562809944153,
    "sub1": 0.35011616349220276,
    "sub2": 0.38013672828674316
  },
  "17": {
    "baseline": 0.02586221694946289,
    "sub1": 0.336941659450531,
    "sub2": 0.3540112376213074
  },
  "18": {
    "baseline": 0.0845906212925911,
    "sub1": 0.30835890769958496,
    "sub2": 0.3753693103790283
  },
  "19": {
    "baseline": -0.16630522906780243,
    "sub1": 0.28006982803344727,
    "sub2": 0.2537471055984497
  },
  "20": {
    "baseline": 0.13489876687526703,
    "sub1": 0.37551409006118774,
    "sub2": 0.4762902855873108
  },
  "21": {
    "baseline": 0.054765909910202026,
    "sub1": 0.21150244772434235,
    "sub2": 0.3406681716442108
  },
  "22": {
    "baseline": -0.20272906124591827,
    "sub1": 0.297666072845459,
    "sub2": 0.2818615138530731
  },
  "23": {
    "baseline": -0.09742696583271027,
    "sub1": 0.2970108985900879,
    "sub2": 0.26746708154678345
  },
  "24": {
    "baseline": 0.16578491032123566,
    "sub1": 0.2277332991361618,
    "sub2": 0.2801847755908966
  },
  "25": {
    "baseline": 0.14902769029140472,
    "sub1": 0.34280359745025635,
    "sub2": 0.1946868598461151
  },
  "26": {
    "baseline": 0.1843113899230957,
    "sub1": 0.2650524079799652,
    "sub2": 0.1523582637310028
  },
  "27": {
    "baseline": -0.0426039956510067,
    "sub1": 0.16380631923675537,
    "sub2": 0.4915543794631958
  },
  "28": {
    "baseline": 0.13627083599567413,
    "sub1": 0.34051448106765747,
    "sub2": 0.31817424297332764
  },
  "29": {
    "baseline": -0.05973833426833153,
    "sub1": 0.3707980811595917,
    "sub2": 0.2044215351343155
  },
  "30": {
    "baseline": 0.04964672029018402,
    "sub1": 0.43693092465400696,
    "sub2": 0.418038010597229
  },
  "31": {
    "baseline": -0.012089522555470467,
    "sub1": 0.44432076811790466,
    "sub2": 0.4742112457752228
  },
  "32": {
    "baseline": -0.03668928146362305,
    "sub1": 0.3914684057235718,
    "sub2": 0.15377239882946014
  },
  "33": {
    "baseline": 0.11564972251653671,
    "sub1": 0.3105817139148712,
    "sub2": 0.2031034678220749
  },
  "34": {
    "baseline": -0.06020799279212952,
    "sub1": 0.26285403966903687,
    "sub2": 0.44359368085861206
  },
  "35": {
    "baseline": 0.056108009070158005,
    "sub1": 0.3447287678718567,
    "sub2": 0.33050209283828735
  },
  "36": {
    "baseline": 0.03965160995721817,
    "sub1": 0.2068183273077011,
    "sub2": 0.20227086544036865
  },
  "37": {
    "baseline": 0.07493755966424942,
    "sub1": 0.23009400069713593,
    "sub2": 0.18077048659324646
  },
  "38": {
    "baseline": 0.08519348502159119,
    "sub1": 0.25214940309524536,
    "sub2": 0.18457698822021484
  },
  "39": {
    "baseline": -0.11177291721105576,
    "sub1": 0.3052271008491516,
    "sub2": 0.32042554020881653
  },
  "40": {
    "baseline": 0.299225389957428,
    "sub1": 0.46112045645713806,
    "sub2": 0.5255461931228638
  },
  "41": {
    "baseline": 0.05743815377354622,
    "sub1": 0.2590317726135254,
    "sub2": 0.15613584220409393
  },
  "42": {
    "baseline": -0.050875984132289886,
    "sub1": 0.19289222359657288,
    "sub2": 0.24959783256053925
  },
  "43": {
    "baseline": 0.26758331060409546,
    "sub1": 0.37883949279785156,
    "sub2": 0.2596338987350464
  },
  "44": {
    "baseline": -0.07116531580686569,
    "sub1": 0.42826220393180847,
    "sub2": 0.5410042405128479
  },
  "45": {
    "baseline": 0.019586777314543724,
    "sub1": 0.3338744640350342,
    "sub2": 0.2774837613105774
  },
  "46": {
    "baseline": 0.22068598866462708,
    "sub1": 0.17242716252803802,
    "sub2": 0.26578694581985474
  },
  "47": {
    "baseline": -0.06451450288295746,
    "sub1": 0.08119259029626846,
    "sub2": 0.20740902423858643
  },
  "48": {
    "baseline": 0.22440855205059052,
    "sub1": 0.3826104700565338,
    "sub2": 0.37500858306884766
  },
  "49": {
    "baseline": 0.1274641752243042,
    "sub1": 0.4812721610069275,
    "sub2": 0.4363199472427368
  },
  "50": {
    "baseline": 0.15380625426769257,
    "sub1": 0.20763497054576874,
    "sub2": 0.17389464378356934
  },
  "51": {
    "baseline": 0.07729358226060867,
    "sub1": 0.30057424306869507,
    "sub2": 0.42098891735076904
  },
  "52": {
    "baseline": 0.14538994431495667,
    "sub1": 0.16195763647556305,
    "sub2": 0.08886164426803589
  },
  "53": {
    "baseline": 0.17440226674079895,
    "sub1": 0.41563230752944946,
    "sub2": 0.2714861035346985
  },
  "54": {
    "baseline": 0.08725001662969589,
    "sub1": 0.21372029185295105,
    "sub2": 0.16749924421310425
  },
  "55": {
    "baseline": 0.2767476737499237,
    "sub1": 0.4126946032047272,
    "sub2": 0.4247225821018219
  },
  "56": {
    "baseline": 0.25659316778182983,
    "sub1": 0.18134933710098267,
    "sub2": 0.11314007639884949
  },
  "57": {
    "baseline": 0.2676990032196045,
    "sub1": 0.2968948483467102,
    "sub2": 0.28421154618263245
  },
  "58": {
    "baseline": -0.007978412322700024,
    "sub1": 0.2460363507270813,
    "sub2": 0.34281647205352783
  },
  "59": {
    "baseline": 0.1513153612613678,
    "sub1": 0.40806180238723755,
    "sub2": 0.2659652829170227
  },
  "60": {
    "baseline": 0.21067427098751068,
    "sub1": 0.2750242352485657,
    "sub2": 0.34847164154052734
  },
  "61": {
    "baseline": -0.13314682245254517,
    "sub1": 0.1982022225856781,
    "sub2": 0.22760653495788574
  },
  "62": {
    "baseline": 0.03598525747656822,
    "sub1": 0.19080868363380432,
    "sub2": 0.170470729470253
  },
  "63": {
    "baseline": 0.09179080277681351,
    "sub1": 0.3624032139778137,
    "sub2": 0.3261343240737915
  },
  "64": {
    "baseline": 0.08491933345794678,
    "sub1": 0.2912585735321045,
    "sub2": 0.3344793915748596
  },
  "65": {
    "baseline": -0.201157808303833,
    "sub1": 0.025683023035526276,
    "sub2": 0.15732097625732422
  },
  "66": {
    "baseline": -0.1026981770992279,
    "sub1": 0.24691717326641083,
    "sub2": 0.2944619059562683
  },
  "67": {
    "baseline": 0.14580756425857544,
    "sub1": 0.27296197414398193,
    "sub2": 0.30901864171028137
  },
  "68": {
    "baseline": 0.010092562064528465,
    "sub1": 0.12005192786455154,