{
  "0": {
    "baseline": 0.23923105001449585,
    "sub1": 0.3314722776412964,
    "sub2": 0.41272759437561035
  },
  "1": {
    "baseline": -0.08340847492218018,
    "sub1": 0.33586403727531433,
    "sub2": 0.3448656499385834
  },
  "2": {
    "baseline": 0.22639599442481995,
    "sub1": 0.2690141201019287,
    "sub2": 0.24226289987564087
  },
  "3": {
    "baseline": 0.10967497527599335,
    "sub1": 0.28999584913253784,
    "sub2": 0.335161954164505
  },
  "4": {
    "baseline": -0.035609062761068344,
    "sub1": 0.4515593349933624,
    "sub2": 0.33919650316238403
  },
  "5": {
    "baseline": 0.09233014285564423,
    "sub1": 0.2891520857810974,
    "sub2": 0.37707406282424927
  },
  "6": {
    "baseline": -0.23651203513145447,
    "sub1": -0.06152579188346863,
    "sub2": -0.04044666886329651
  },
  "7": {
    "baseline": 0.18485522270202637,
    "sub1": 0.22904881834983826,
    "sub2": 0.2513052225112915
  },
  "8": {
    "baseline": 0.05883096903562546,
    "sub1": 0.38306355476379395,
    "sub2": 0.42966488003730774
  },
  "9": {
    "baseline": 0.2835649847984314,
    "sub1": 0.3538177013397217,
    "sub2": 0.4533314108848572
  },
  "10": {
    "baseline": -0.06156203895807266,
    "sub1": 0.33327406644821167,
    "sub2": 0.28511303663253784
  },
  "11": {
    "baseline": 0.12055796384811401,
    "sub1": 0.19938455522060394,
    "sub2": 0.2697378396987915
  },
  "12": {
    "baseline": 0.06253530085086823,
    "sub1": 0.24532940983772278,
    "sub2": 0.3701351284980774
  },
  "13": {
    "baseline": 0.052050888538360596,
    "sub1": 0.20125740766525269,
    "sub2": 0.33986055850982666
  },
  "14": {
    "baseline": 0.08726098388433456,
    "sub1": 0.43993282318115234,
    "sub2": 0.43889307975769043
  },
  "15": {
    "baseline": 0.08179320394992828,
    "sub1": 0.3388510048389435,
    "sub2": 0.393278032541275
  },
  "16": {
    "baseline": 0.2793124318122864,
    "sub1": 0.3501412868499756,
    "sub2": 0.3810661733150482
  },
  "17": {
    "baseline": 0.0371151864528656,
    "sub1": 0.337376207113266,
    "sub2": 0.35331687331199646
  },
  "18": {
    "baseline": 0.05814807862043381,
    "sub1": 0.3016906678676605,
    "sub2": 0.3727814555168152
  },
  "19": {
    "baseline": -0.16632823646068573,
    "sub1": 0.2800423502922058,
    "sub2": 0.25697091221809387
  },
  "20": {
    "baseline": 0.14178800582885742,
    "sub1": 0.3740956783294678,
    "sub2": 0.47681209444999695
  },
  "21": {
    "baseline": 0.05425772815942764,
    "sub1": 0.21156615018844604,
    "sub2": 0.33993858098983765
  },
  "22": {
    "baseline": -0.18875226378440857,
    "sub1": 0.2977449893951416,
    "sub2": 0.2803875207901001
  },
  "23": {
    "baseline": -0.08192318677902222,
    "sub1": 0.2956508696079254,
    "sub2": 0.2667944133281708
  },
  "24": {
    "baseline": 0.18197253346443176,
    "sub1": 0.23002620041370392,
    "sub2": 0.28042688965797424
  },
  "25": {
    "baseline": 0.15727484226226807,
    "sub1": 0.35252493619918823,
    "sub2": 0.19540123641490936
  },
  "26": {
    "baseline": 0.20525889098644257,
    "sub1": 0.2653234601020813,
    "sub2": 0.1501908153295517
  },
  "27": {
    "baseline": -0.04808725416660309,
    "sub1": 0.16335657238960266,
    "sub2": 0.4922046661376953
  },
  "28": {
    "baseline": 0.20142695307731628,
    "sub1": 0.3392929136753082,
    "sub2": 0.31691837310791016
  },
  "29": {
    "baseline": -0.0631675273180008,
    "sub1": 0.3701251149177551,
    "sub2": 0.2028649002313614
  },
  "30": {
    "baseline": 0.061648398637771606,
    "sub1": 0.4362304210662842,
    "sub2": 0.4198439121246338
  },
  "31": {
    "baseline": -0.003000197932124138,
    "sub1": 0.44748592376708984,
    "sub2": 0.4736548364162445
  },
  "32": {
    "baseline": -0.01074138842523098,
    "sub1": 0.3918539881706238,
    "sub2": 0.15151941776275635
  },
  "33": {
    "baseline": 0.11807863414287567,
    "sub1": 0.31171634793281555,
    "sub2": 0.2040785402059555
  },
  "34": {
    "baseline": -0.060275476425886154,
    "sub1": 0.2634763717651367,
    "sub2": 0.44463521242141724
  },
  "35": {
    "baseline": 0.066026471555233,
    "sub1": 0.3427252471446991,
    "sub2": 0.33005964756011963
  },
  "36": {
    "baseline": 0.037576671689748764,
    "sub1": 0.20512107014656067,
    "sub2": 0.2026316523551941
  },
  "37": {
    "baseline": 0.07401330769062042,
    "sub1": 0.2302732765674591,
    "sub2": 0.1807805299758911
  },
  "38": {
    "baseline": 0.09694003313779831,
    "sub1": 0.2563261389732361,
    "sub2": 0.185796320438385
  },
  "39": {
    "baseline": -0.12086797505617142,
    "sub1": 0.3049207031726837,
    "sub2": 0.312095046043396
  },
  "40": {
    "baseline": 0.2991139888763428,
    "sub1": 0.4602685868740082,
    "sub2": 0.5263682007789612
  },
  "41": {
    "baseline": 0.05380711704492569,
    "sub1": 0.262423574924469,
    "sub2": 0.15571433305740356
  },
  "42": {
    "baseline": -0.05105103552341461,
    "sub1": 0.19424080848693848,
    "sub2": 0.24889934062957764
  },
  "43": {
    "baseline": 0.2329551875591278,
    "sub1": 0.37531447410583496,
    "sub2": 0.2592121958732605
  },
  "44": {
    "baseline": -0.07151240855455399,
    "sub1": 0.42603039741516113,
    "sub2": 0.5409891605377197
  },
  "45": {
    "baseline": 0.026523634791374207,
    "sub1": 0.33392322063446045,
    "sub2": 0.2765786051750183
  },
  "46": {
    "baseline": 0.23487932980060577,
    "sub1": 0.1718081384897232,
    "sub2": 0.26563364267349243
  },
  "47": {
    "baseline": -0.06870701909065247,
    "sub1": 0.08127161860466003,
    "sub2": 0.20722898840904236
  },
  "48": {
    "baseline": 0.2263617366552353,
    "sub1": 0.3840564489364624,
    "sub2": 0.3724384009838104
  },
  "49": {
    "baseline": 0.12121225148439407,
    "sub1": 0.4816126227378845,
    "sub2": 0.42740219831466675
  },
  "50": {
    "baseline": 0.14351463317871094,
    "sub1": 0.20811809599399567,
    "sub2": 0.16667324304580688
  },
  "51": {
    "baseline": 0.0859500989317894,
    "sub1": 0.2894923985004425,
    "sub2": 0.4152527451515198
  },
  "52": {
    "baseline": 0.15669384598731995,
    "sub1": 0.16233430802822113,
    "sub2": 0.08828884363174438
  },
  "53": {
    "baseline": 0.17916132509708405,
    "sub1": 0.4117090106010437,
    "sub2": 0.2720494270324707
  },
  "54": {
    "baseline": 0.10021449625492096,
    "sub1": 0.21341051161289215,
    "sub2": 0.18399351835250854
  },
  "55": {
    "baseline": 0.27698007225990295,
    "sub1": 0.41263556480407715,
    "sub2": 0.4207584857940674
  },
  "56": {
    "baseline": 0.26597094535827637,
    "sub1": 0.18224236369132996,
    "sub2": 0.11461248993873596
  },
  "57": {
    "baseline": 0.26031795144081116,
    "sub1": 0.2912251353263855,
    "sub2": 0.2838105857372284
  },
  "58": {
    "baseline": -0.020140130072832108,
    "sub1": 0.24642081558704376,
    "sub2": 0.3447994887828827
  },
  "59": {
    "baseline": 0.12831906974315643,
    "sub1": 0.4069356918334961,
    "sub2": 0.26709306240081787
  },
  "60": {
    "baseline": 0.2264980971813202,
    "sub1": 0.27666744589805603,
    "sub2": 0.34870028495788574
  },
  "61": {
    "baseline": -0.13317131996154785,
    "sub1": 0.19784678518772125,
    "sub2": 0.22237947583198547
  },
  "62": {
    "baseline": 0.037928879261016846,
    "sub1": 0.19194182753562927,
    "sub2": 0.17042571306228638
  },
  "63": {
    "baseline": 0.09836246073246002,
    "sub1": 0.3614528775215149,
    "sub2": 0.3263322412967682
  },
  "64": {
    "baseline": 0.08319047093391418,
    "sub1": 0.29110705852508545,
    "sub2": 0.3348122835159302
  },
  "65": {
    "baseline": -0.20125485956668854,
    "sub1": 0.025526558980345726,
    "sub2": 0.15530765056610107
  },
  "66": {
    "baseline": -0.1165713369846344,
    "sub1": 0.24693679809570312,
    "sub2": 0.2946684956550598
  },
  "67": {
    "baseline": 0.14593544602394104,
    "sub1": 0.2719869315624237,
    "sub2": 0.30912837386131287
  },
  "68": {
    "baseline": 0.019940679892897606,
    "sub1": 0.11492803692817688,