{
  "0": {
    "baseline": 0.15308687090873718,
    "sub1": 0.9761786460876465,
    "sub2": 0.21658530831336975
  },
  "1": {
    "baseline": -1.7913743257522583,
    "sub1": 0.8067721128463745,
    "sub2": 0.7116015553474426
  },
  "2": {
    "baseline": -0.20149600505828857,
    "sub1": 0.42815643548965454,
    "sub2": 0.9884970188140869
  },
  "3": {
    "baseline": 0.17486406862735748,
    "sub1": 0.3607441186904907,
    "sub2": 0.7327926754951477
  },
  "4": {
    "baseline": -1.7588002681732178,
    "sub1": 1.3426718711853027,
    "sub2": 1.2665205001831055
  },
  "5": {
    "baseline": 0.1305534839630127,
    "sub1": 0.4069068431854248,
    "sub2": 0.20060697197914124
  },
  "6": {
    "baseline": -0.6160306930541992,
    "sub1": 0.9030557870864868,
    "sub2": 0.16647741198539734
  },
  "7": {
    "baseline": -0.728006899356842,
    "sub1": -0.06640905141830444,
    "sub2": 0.1525704264640808
  },
  "8": {
    "baseline": -0.02780039981007576,
    "sub1": 0.014491535723209381,
    "sub2": 0.9720669388771057
  },
  "9": {
    "baseline": -0.21576638519763947,
    "sub1": 0.7792222499847412,
    "sub2": 0.8433011770248413
  },
  "10": {
    "baseline": -0.32531502842903137,
    "sub1": 0.4824386239051819,
    "sub2": 0.7023453116416931
  },
  "11": {
    "baseline": 1.1653192043304443,
    "sub1": 0.8361657857894897,
    "sub2": 1.030453085899353
  },
  "12": {
    "baseline": 0.6591833829879761,
    "sub1": 0.936043381690979,
    "sub2": 0.9204872846603394
  },
  "13": {
    "baseline": -0.23335237801074982,
    "sub1": 0.35788270831108093,
    "sub2": 0.6394382119178772
  },
  "14": {
    "baseline": -0.7022797465324402,
    "sub1": 0.5849655866622925,
    "sub2": 0.6939239501953125
  },
  "15": {
    "baseline": 0.07693210244178772,
    "sub1": 1.401369333267212,
    "sub2": 0.8617185354232788
  },
  "16": {
    "baseline": 0.6694631576538086,
    "sub1": -0.28107950091362,
    "sub2": 0.5009384751319885
  },
  "17": {
    "baseline": 0.25695157051086426,
    "sub1": 0.9549992680549622,
    "sub2": 0.8803516626358032
  },
  "18": {
    "baseline": -2.031038999557495,
    "sub1": -0.6550683975219727,
    "sub2": 0.5075987577438354
  },
  "19": {
    "baseline": -0.37057214975357056,
    "sub1": 0.4242514967918396,
    "sub2": 1.327741026878357
  },
  "20": {
    "baseline": -0.22658152878284454,
    "sub1": 1.3606919050216675,
    "sub2": 2.0723652839660645
  },
  "21": {
    "baseline": -1.0983238220214844,
    "sub1": 0.4160728454589844,
    "sub2": 0.8787720203399658
  },
  "22": {
    "baseline": 0.17230921983718872,
    "sub1": 0.5184856653213501,
    "sub2": 0.8589293956756592
  },
  "23": {
    "baseline": -0.12238743901252747,
    "sub1": -0.10145381093025208,
    "sub2": 0.32186105847358704
  },
  "24": {
    "baseline": 0.07844819128513336,
    "sub1": 0.3862544596195221,
    "sub2": 0.9447432160377502
  },
  "25": {
    "baseline": -0.021366935223340988,
    "sub1": 0.5198743939399719,
    "sub2": 0.37411490082740784
  },
  "26": {
    "baseline": -0.13726623356342316,
    "sub1": 0.4169994592666626,
    "sub2": 0.5854912996292114
  },
  "27": {
    "baseline": 0.8764968514442444,
    "sub1": 0.48402634263038635,
    "sub2": 0.27838361263275146
  },
  "28": {
    "baseline": 0.08853566646575928,
    "sub1": 0.4668063521385193,
    "sub2": 0.6349304914474487
  },
  "29": {
    "baseline": -0.31196358799934387,
    "sub1": 0.17045678198337555,
    "sub2": 0.9533326029777527
  },
  "30": {
    "baseline": -0.8054724931716919,
    "sub1": -0.6536220908164978,
    "sub2": -0.6957484483718872
  },
  "31": {
    "baseline": -0.11806420981884003,
    "sub1": 1.0312614440917969,
    "sub2": 0.7507444620132446
  },
  "32": {
    "baseline": -0.8338495492935181,
    "sub1": -0.1922484040260315,
    "sub2": -0.21500827372074127
  },
  "33": {
    "baseline": -0.26846936345100403,
    "sub1": 1.8228416442871094,
    "sub2": 1.189907193183899
  },
  "34": {
    "baseline": 0.0971730649471283,
    "sub1": 0.3185918629169464,
    "sub2": 0.46642622351646423
  },
  "35": {
    "baseline": -0.16570262610912323,
    "sub1": 0.9198734760284424,
    "sub2": 0.25720393657684326
  },
  "36": {
    "baseline": 0.6580517292022705,
    "sub1": 0.6794270277023315,
    "sub2": 0.7793517112731934
  },
  "37": {
    "baseline": -0.2557331323623657,
    "sub1": -0.4812934398651123,
    "sub2": -0.9314650297164917
  },
  "38": {
    "baseline": -0.12108083069324493,
    "sub1": 0.6387072801589966,
    "sub2": 0.8701834678649902
  },
  "39": {
    "baseline": -0.7356063723564148,
    "sub1": -0.05498022958636284,
    "sub2": 0.24112682044506073
  },
  "40": {
    "baseline": -0.3657863736152649,
    "sub1": 0.7143106460571289,
    "sub2": 0.5213654637336731
  },
  "41": {
    "baseline": 0.622361958026886,
    "sub1": 0.24354355037212372,
    "sub2": 0.8462628126144409
  },
  "42": {
    "baseline": 0.5438897013664246,
    "sub1": 0.08414529263973236,
    "sub2": -0.14641156792640686
  },
  "43": {
    "baseline": 0.31622934341430664,
    "sub1": 1.1410419940948486,
    "sub2": 0.8670645952224731
  },
  "44": {
    "baseline": -0.4607296884059906,
    "sub1": 0.24243807792663574,
    "sub2": 0.46456462144851685
  },
  "45": {
    "baseline": 0.6789439916610718,
    "sub1": 0.739267885684967,
    "sub2": 0.9942116737365723
  },
  "46": {
    "baseline": -0.8544902205467224,
    "sub1": 0.1584952175617218,
    "sub2": 0.041604042053222656
  },
  "47": {
    "baseline": -1.2964144945144653,
    "sub1": 0.6134512424468994,
    "sub2": 1.0024158954620361
  },
  "48": {
    "baseline": -0.31154778599739075,
    "sub1": 0.6739169359207153,
    "sub2": 0.2971877455711365
  },
  "49": {
    "baseline": 1.0578962564468384,
    "sub1": 0.14819519221782684,
    "sub2": 0.24524475634098053
  },
  "50": {
    "baseline": 0.6652898788452148,
    "sub1": 1.0130305290222168,
    "sub2": 1.0054007768630981
  },
  "51": {
    "baseline": 0.8661372661590576,
    "sub1": 1.0663962364196777,
    "sub2": 1.164198637008667
  },
  "52": {
    "baseline": 0.0699259489774704,
    "sub1": 0.8571557998657227,
    "sub2": 0.9118111729621887
  },
  "53": {
    "baseline": -0.004152186214923859,
    "sub1": 0.8045611381530762,
    "sub2": 0.587687075138092
  },
  "54": {
    "baseline": -0.0549161471426487,
    "sub1": 0.3962876796722412,
    "sub2": 0.6075313091278076
  },
  "55": {
    "baseline": 0.5408544540405273,
    "sub1": 0.6835403442382812,
    "sub2": 0.49399685859680176
  },
  "56": {
    "baseline": -0.028824765235185623,
    "sub1": 0.21807369589805603,
    "sub2": 0.06499769538640976
  },
  "57": {
    "baseline": 0.13031893968582153,
    "sub1": 0.5354244709014893,
    "sub2": 0.5509819984436035
  },
  "58": {
    "baseline": 0.24534061551094055,
    "sub1": 0.4522993862628937,
    "sub2": 0.2920899987220764
  },
  "59": {
    "baseline": 0.2179911583662033,
    "sub1": 0.7099239826202393,
    "sub2": 0.36009398102760315
  },
  "60": {
    "baseline": 0.5334336757659912,
    "sub1": 0.8069559931755066,
    "sub2": 0.4514625668525696
  },
  "61": {
    "baseline": -1.1741294860839844,
    "sub1": 0.9823822975158691,
    "sub2": 0.19792769849300385
  },
  "62": {
    "baseline": 0.315253883600235,
    "sub1": 0.33760517835617065,
    "sub2": 0.6282414197921753
  },
  "63": {
    "baseline": -0.3074178099632263,
    "sub1": 0.47582128643989563,
    "sub2": 0.6044787168502808
  },
  "64": {
    "baseline": -0.23164494335651398,
    "sub1": 0.5610052347183228,
    "sub2": 0.3652307093143463
  },
  "65": {
    "baseline": 0.8964899778366089,
    "sub1": 0.5419608354568481,
    "sub2": 0.725464403629303
  },
  "66": {
    "baseline": -1.3501336574554443,
    "sub1": 0.12709225714206696,
    "sub2": -0.7687797546386719
  },
  "67": {
    "baseline": 0.4454593062400818,
    "sub1": 0.13942770659923553,
    "sub2": -0.48657774925231934
  },
  "68": {
    "baseline": 0.6172044277191162,
    "sub1": -0.20603372156620026,
    "sub2": 0.009454188868403435
  },