{
  "0": {
    "baseline": 0.12785764038562775,
    "sub1": 0.9762551784515381,
    "sub2": 0.21027515828609467
  },
  "1": {
    "baseline": -1.8531169891357422,
    "sub1": 0.8057882189750671,
    "sub2": 0.7137184143066406
  },
  "2": {
    "baseline": -0.2069801539182663,
    "sub1": 0.42160916328430176,
    "sub2": 0.9882714748382568
  },
  "3": {
    "baseline": 0.11831948161125183,
    "sub1": 0.36490780115127563,
    "sub2": 0.7328428030014038
  },
  "4": {
    "baseline": -1.6740039587020874,
    "sub1": 1.340633511543274,
    "sub2": 1.264031171798706
  },
  "5": {
    "baseline": 0.11895795166492462,
    "sub1": 0.4077206254005432,
    "sub2": 0.19892337918281555
  },
  "6": {
    "baseline": -0.6062583923339844,
    "sub1": 0.901970624923706,
    "sub2": 0.16589349508285522
  },
  "7": {
    "baseline": -0.7009998559951782,
    "sub1": -0.06610451638698578,
    "sub2": 0.1532946676015854
  },
  "8": {
    "baseline": -0.041886936873197556,
    "sub1": 0.013510063290596008,
    "sub2": 0.972477376461029
  },
  "9": {
    "baseline": -0.2823683023452759,
    "sub1": 0.786055326461792,
    "sub2": 0.8336147665977478
  },
  "10": {
    "baseline": -0.2992781400680542,
    "sub1": 0.4867957532405853,
    "sub2": 0.695987343788147
  },
  "11": {
    "baseline": 1.052548885345459,
    "sub1": 0.8424524068832397,
    "sub2": 1.0236223936080933
  },
  "12": {
    "baseline": 0.657473087310791,
    "sub1": 0.9334101676940918,
    "sub2": 0.9206271767616272
  },
  "13": {
    "baseline": -0.2414931207895279,
    "sub1": 0.35750454664230347,
    "sub2": 0.639401912689209
  },
  "14": {
    "baseline": -0.6932418942451477,
    "sub1": 0.5839518308639526,
    "sub2": 0.6925885081291199
  },
  "15": {
    "baseline": 0.08650219440460205,
    "sub1": 1.4028379917144775,
    "sub2": 0.8621876239776611
  },
  "16": {
    "baseline": 0.6703063249588013,
    "sub1": -0.2812657952308655,
    "sub2": 0.5020202398300171
  },
  "17": {
    "baseline": 0.2323884665966034,
    "sub1": 0.9563742876052856,
    "sub2": 0.8828447461128235
  },
  "18": {
    "baseline": -2.0082881450653076,
    "sub1": -0.6483047008514404,
    "sub2": 0.5050788521766663
  },
  "19": {
    "baseline": -0.37057623267173767,
    "sub1": 0.42400825023651123,
    "sub2": 1.3271229267120361
  },
  "20": {
    "baseline": -0.239387646317482,
    "sub1": 1.3599746227264404,
    "sub2": 2.070647716522217
  },
  "21": {
    "baseline": -1.0965217351913452,
    "sub1": 0.4160616993904114,
    "sub2": 0.877666711807251
  },
  "22": {
    "baseline": 0.1671009063720703,
    "sub1": 0.5186639428138733,
    "sub2": 0.859972357749939
  },
  "23": {
    "baseline": -0.11670780181884766,
    "sub1": -0.09716780483722687,
    "sub2": 0.32374605536460876
  },
  "24": {
    "baseline": 0.07777120172977448,
    "sub1": 0.38520926237106323,
    "sub2": 0.9440581798553467
  },
  "25": {
    "baseline": -0.005961146205663681,
    "sub1": 0.5194059610366821,
    "sub2": 0.37323498725891113
  },
  "26": {
    "baseline": -0.14828996360301971,
    "sub1": 0.41666606068611145,
    "sub2": 0.5832467079162598
  },
  "27": {
    "baseline": 0.8663321137428284,
    "sub1": 0.48775696754455566,
    "sub2": 0.2737678587436676
  },
  "28": {
    "baseline": 0.07897360622882843,
    "sub1": 0.4645344913005829,
    "sub2": 0.6347054243087769
  },
  "29": {
    "baseline": -0.2976440489292145,
    "sub1": 0.17297962307929993,
    "sub2": 0.9498940706253052
  },
  "30": {
    "baseline": -0.8894115686416626,
    "sub1": -0.6520940065383911,
    "sub2": -0.6996310949325562
  },
  "31": {
    "baseline": -0.12516538798809052,
    "sub1": 1.0358699560165405,
    "sub2": 0.7505857944488525
  },
  "32": {
    "baseline": -0.8172640204429626,
    "sub1": -0.1930239349603653,
    "sub2": -0.21471571922302246
  },
  "33": {
    "baseline": -0.24628503620624542,
    "sub1": 1.8213348388671875,
    "sub2": 1.1856961250305176
  },
  "34": {
    "baseline": 0.09713345766067505,
    "sub1": 0.31942880153656006,
    "sub2": 0.4667035937309265
  },
  "35": {
    "baseline": -0.18156243860721588,
    "sub1": 0.9230743646621704,
    "sub2": 0.2629551291465759
  },
  "36": {
    "baseline": 0.6613966822624207,
    "sub1": 0.680034339427948,
    "sub2": 0.7831767797470093
  },
  "37": {
    "baseline": -0.25644558668136597,
    "sub1": -0.4828185439109802,
    "sub2": -0.9314724802970886
  },
  "38": {
    "baseline": -0.10980869829654694,
    "sub1": 0.6411224603652954,
    "sub2": 0.8689001798629761
  },
  "39": {
    "baseline": -0.7452935576438904,
    "sub1": -0.056676965206861496,
    "sub2": 0.23996564745903015
  },
  "40": {
    "baseline": -0.36945396661758423,
    "sub1": 0.7129228711128235,
    "sub2": 0.5254625678062439
  },
  "41": {
    "baseline": 0.6488562226295471,
    "sub1": 0.2361748218536377,
    "sub2": 0.8453755974769592
  },
  "42": {
    "baseline": 0.5369462966918945,
    "sub1": 0.08302921056747437,
    "sub2": -0.14692287147045135
  },
  "43": {
    "baseline": 0.43259039521217346,
    "sub1": 1.1429331302642822,
    "sub2": 0.8654962182044983
  },
  "44": {
    "baseline": -0.40526556968688965,
    "sub1": 0.24353812634944916,
    "sub2": 0.4646133780479431
  },
  "45": {
    "baseline": 0.6380705833435059,
    "sub1": 0.7386728525161743,
    "sub2": 0.9965529441833496
  },
  "46": {
    "baseline": -0.8419705033302307,
    "sub1": 0.15861447155475616,
    "sub2": 0.04193231463432312
  },
  "47": {
    "baseline": -1.2553036212921143,
    "sub1": 0.6130613684654236,
    "sub2": 1.0025957822799683
  },
  "48": {
    "baseline": -0.30150067806243896,
    "sub1": 0.6793358325958252,
    "sub2": 0.2969527244567871
  },
  "49": {
    "baseline": 1.1038621664047241,
    "sub1": 0.14799369871616364,
    "sub2": 0.25872498750686646
  },
  "50": {
    "baseline": 0.6644458770751953,
    "sub1": 1.0074598789215088,
    "sub2": 1.0090714693069458
  },
  "51": {
    "baseline": 0.8312086462974548,
    "sub1": 1.0632305145263672,
    "sub2": 1.1674398183822632
  },
  "52": {
    "baseline": 0.11486099660396576,
    "sub1": 0.8564004898071289,
    "sub2": 0.9114705324172974
  },
  "53": {
    "baseline": 0.030465232208371162,
    "sub1": 0.815855860710144,
    "sub2": 0.5927713513374329
  },
  "54": {
    "baseline": -0.08072078227996826,
    "sub1": 0.3960364758968353,
    "sub2": 0.6034078001976013
  },
  "55": {
    "baseline": 0.5427453517913818,
    "sub1": 0.6819358468055725,
    "sub2": 0.49940383434295654
  },
  "56": {
    "baseline": 0.0004137270152568817,
    "sub1": 0.21361756324768066,
    "sub2": 0.06310297548770905
  },
  "57": {
    "baseline": 0.1204347014427185,
    "sub1": 0.5435155630111694,
    "sub2": 0.5565165281295776
  },
  "58": {
    "baseline": 0.2266089767217636,
    "sub1": 0.45295825600624084,
    "sub2": 0.2907246947288513
  },
  "59": {
    "baseline": 0.239064022898674,
    "sub1": 0.7086777091026306,
    "sub2": 0.3589983582496643
  },
  "60": {
    "baseline": 0.5366945862770081,
    "sub1": 0.8033042550086975,
    "sub2": 0.45189690589904785
  },
  "61": {
    "baseline": -1.179439902305603,
    "sub1": 0.9820464849472046,
    "sub2": 0.2068103402853012
  },
  "62": {
    "baseline": 0.3226698637008667,
    "sub1": 0.3350159525871277,
    "sub2": 0.6280937194824219
  },
  "63": {
    "baseline": -0.38473719358444214,
    "sub1": 0.4765073359012604,
    "sub2": 0.604948878288269
  },
  "64": {
    "baseline": -0.23072291910648346,
    "sub1": 0.5593512058258057,
    "sub2": 0.364225298166275
  },
  "65": {
    "baseline": 0.8979790210723877,
    "sub1": 0.5425057411193848,
    "sub2": 0.7291469573974609
  },
  "66": {
    "baseline": -1.3553375005722046,
    "sub1": 0.1244233250617981,
    "sub2": -0.7651153802871704
  },
  "67": {
    "baseline": 0.44571036100387573,
    "sub1": 0.14171136915683746,
    "sub2": -0.4860106110572815
  },
  "68": {
    "baseline": 0.5846260190010071,
    "sub1": -0.20300567150115967,
    "sub2": 0.016856729984283447
  },